Year,Energy intensity level of primary energy (MJ/$2017 PPP GDP)
2019,5.823863913967877
2020,5.786501927512951
2021,5.7549784858099216
2022,5.729293588858788
2023,5.709447236666826
2024,5.695439429223121
2025,5.687270166531313
2026,5.684939448595038
2027,5.68844727541066
2028,5.697793646981815
2029,5.7129785633048655
2030,5.734002024379812
