Year,Energy intensity level of primary energy (MJ/$2017 PPP GDP)
2019,4.2379999999999995
2020,4.069961084530121
2021,3.897698427883995
2022,3.721212030068898
2023,3.540501891081192
2024,3.3555680109226955
2025,3.166410389595228
2026,2.9730290270933324
2027,2.7754239234242846
2028,2.5735950785808086
2029,2.3675424925665425
2030,2.157266165383305
